{
    "available_space": false,
    "id": "p1",
    "size_max": 48.1013822555542,
    "size_mean": 9.529098395414131,
    "size_min": 1.7158870697021484,
    "total_size": 2048.756155014038
}