{
    "available_space": true,
    "id": "p1",
    "size_max": 48.0023775100708,
    "size_mean": 9.930200119813284,
    "size_min": 1.7158870697021484,
    "total_size": 476.6496057510376
}